{
    "appKeys": {},
    "capabilities": [
        ""
    ],
    "companyName": "anisart",
    "longName": "Pebble Endomondo",
    "resources": {
        "media": [
            {
                "file": "images/icon.png",
                "menuIcon": true,
                "name": "IMAGE_MENU_ICON",
                "type": "png"
            },
            {
                "file": "images/pause_resume.png",
                "name": "IMAGE_PAUSE_RESUME",
                "type": "png"
            }
        ]
    },
    "shortName": "Endomondo",
    "uuid": "51dd80f9-257d-4b3b-a81f-1016b0ef94af",
    "versionCode": 1,
    "versionLabel": "1.0",
    "watchapp": {
        "watchface": false
    }
}
